交易日期,多方＿自營商＿交易口數,多方＿投信＿交易口數,多方＿外資＿交易口數,空方＿自營商＿交易口數,空方＿投信＿交易口數,空方＿外資＿交易口數,多方＿自營商＿未平倉口數,多方＿投信＿未平倉口數,多方＿外資＿未平倉口數,空方＿自營商＿未平倉口數,空方＿投信＿未平倉口數,空方＿外資＿未平倉口數,融資(張),融券(張)
2016/3/14,24005,5277,45902,23598,5019,51342,9781,2746,53585,7492,16686,19630,3749,3788
2016/3/15,37919,5864,74421,39256,6939,73838,9976,2842,56632,9127,17986,22121,3657,3775
2016/3/16,24075,903,40472,26381,1627,33111,3952,2407,52747,9366,18425,11020,3556,3764
2016/3/17,26227,433,44979,24619,1790,45676,4965,2315,52898,8676,19747,11787,3414,3747
2016/3/18,17512,175,32603,16712,464,32780,5801,2236,52873,8675,19926,11930,3467,3740
2016/3/21,18310,353,30004,16596,781,31922,6432,2112,53297,7626,20231,13836,3469,3682
2016/3/22,21004,504,39545,22156,1143,34592,6425,2094,57969,8760,20845,13150,3493,3663
2016/3/23,22755,384,35983,24071,1015,35504,4988,1962,57632,8874,21378,12310,3446,3588
2016/3/24,23399,322,40179,22771,591,38801,5562,1903,57575,8835,21578,11029,3455,3547
2016/3/25,18140,149,22561,17350,476,23569,6066,1926,56855,8478,21948,11296,3426,3383
2016/3/28,15127,138,27777,15785,472,28404,5605,1888,56597,8675,22263,11757,3403,2963
2016/3/29,24112,795,41408,25921,1274,42966,5814,1994,57747,10663,22927,14644,3373,3010
2016/3/30,27624,525,43581,27485,684,33481,5434,2044,65493,10190,23061,11820,3134,3073
2016/3/31,24128,432,43424,23724,1739,48484,5476,1747,61021,9799,24113,12406,3208,2896
2016/4/1,27233,595,44744,25766,920,47318,6400,1694,59968,9252,24447,13561,3342,2884
2016/4/6,31143,602,44786,30998,1265,52690,6508,1490,57373,9228,25096,18669,3622,2908
2016/4/7,23361,1136,44585,24556,357,40822,6269,1504,60068,10141,24331,17584,3720,2952
2016/4/8,20507,433,40772,19632,384,37274,6729,1593,61977,9663,24275,16238,3588,2864
2016/4/11,19234,419,39030,19882,416,36380,6585,1524,64737,10125,24159,16468,3524,2880
2016/4/12,23993,298,43218,23722,632,42786,6735,1471,65554,9997,24440,16668,3478,2890
2016/4/13,32781,1965,44425,30824,2663,41618,8742,1348,68473,10143,24971,16807,3141,2814
2016/4/14,22186,2312,30970,19730,2609,35527,11585,1318,66428,10487,25251,19217,3097,2798
2016/4/15,22168,2964,44828,22728,3290,42357,12244,1390,68815,11654,25530,19088,2877,2813
2016/4/18,19206,10222,45163,17245,10079,51610,12016,1646,66326,9679,25616,23188,2909,2807
2016/4/19,37130,9502,72182,37548,9934,74195,12325,1667,69857,10008,26052,28555,3008,2810
2016/4/20,39467,1282,53564,44006,2349,53633,5303,1581,59416,7730,26691,18844,3192,2796
2016/4/21,14241,469,39517,16096,373,30161,5769,1599,65896,10063,26593,15728,3177,2805
2016/4/22,21563,446,42961,21400,224,41370,5867,1781,66811,9946,26551,15075,3103,2808
2016/4/25,14276,232,30245,16259,91,26937,5942,1866,67925,11913,26496,12946,3104,2797
2016/4/26,22969,710,39768,24450,450,38188,6162,1842,68650,13686,26196,12109,3104,2805
2016/4/27,19650,152,33244,17914,306,34098,5091,1813,68071,10915,26323,12414,3086,2793
2016/4/28,29658,981,55141,25587,1525,71244,5690,1730,65561,7435,26947,26086,3307,2638
2016/4/29,22814,493,38993,20490,1034,41567,7214,1487,67338,6490,27289,30443,3506,2595
2016/5/3,21192,403,35796,19828,680,38810,8150,1503,63916,6023,27617,30013,3661,2532
2016/5/4,33137,925,46897,32262,1134,49317,9311,1489,61236,6118,27863,29936,3830,2599
2016/5/5,22284,1519,36222,19886,384,42751,11195,1871,57933,5476,27115,33427,4105,2541
2016/5/6,19679,1387,36623,21712,457,34414,9904,2197,57901,6179,26515,31224,4241,2480
2016/5/9,19219,1254,38532,19153,482,36938,9827,2380,57720,6139,25936,29439,4328,2361
2016/5/10,25170,2421,44626,25540,1464,45335,10084,2476,55757,6584,25068,28378,4434,2315
2016/5/11,27403,2924,45433,25141,1492,50036,11782,2718,53949,6089,23874,31149,4504,2286
2016/5/12,20077,4528,44113,23884,3854,42364,9651,2718,55911,7320,23195,31385,4435,2316
2016/5/13,28715,5854,60981,30620,5539,56690,8633,2867,62156,7814,23056,33400,4549,2294
2016/5/16,21819,8234,63816,23400,7084,60423,7580,2905,64941,8447,21917,32976,4570,2352
2016/5/17,32801,6737,79479,31621,5771,82180,8253,2926,66956,8138,20942,37758,4550,2369
2016/5/18,31168,1573,48278,29218,1118,49486,3616,2966,53889,4981,20512,22129,4583,2372
2016/5/19,19933,440,40089,19095,406,43128,4327,3084,55052,4869,20642,26287,4565,2421
2016/5/20,21946,537,56462,24023,457,47850,4989,3092,59362,7548,20536,22060,4402,2448
2016/5/23,35525,2542,63957,33488,1131,63150,6332,3310,59092,6791,19168,21085,4055,2447
2016/5/24,14985,466,28356,14588,137,35357,6107,3493,52521,6317,19040,21767,4022,2423
2016/5/25,23396,956,40366,24048,368,35880,5739,3656,54201,6603,18591,18871,4010,2304
2016/5/26,10637,462,28190,11442,293,27379,5794,3841,53447,7513,18605,17234,3926,2316
2016/5/27,14583,560,33169,15950,295,29535,5845,3917,57910,8902,18413,17814,3598,2222
2016/5/30,18558,546,36846,16876,412,38201,7399,3921,58415,8753,18290,19605,3513,2230
2016/5/31,20080,283,37764,20045,1000,37284,7761,3841,59562,9069,18928,20304,3481,2226
2016/6/1,21282,361,40963,21808,1636,33452,8556,3594,64198,10310,19845,17355,3354,2341
2016/6/2,19917,339,39298,20678,1539,38812,8831,3650,64113,11429,21103,16672,3372,2346
2016/6/3,11944,584,27104,10948,961,27559,9347,3508,63306,10888,21338,16304,3247,2385
2016/6/6,22621,2461,43129,21898,2965,42023,10399,3478,67532,10405,22450,18525,3205,2397
2016/6/7,24558,3948,41291,24273,5197,36444,10756,3551,71335,10507,23717,17189,2885,2403
2016/6/8,23875,5799,46706,23204,7049,46468,11890,3528,72487,10849,24910,17978,2680,2358
2016/6/13,29563,9370,74234,30295,10549,80343,11739,3432,70866,11557,26051,22386,2273,2362
2016/6/14,20480,7890,59709,19339,8275,55864,13475,3257,80268,12152,26262,28025,2307,2222
2016/6/15,35738,816,48865,34499,1327,50019,6547,3219,62762,12739,26637,14087,2342,2214
2016/6/16,22527,596,45014,25437,1556,42082,6531,3269,66778,15614,27659,15038,2329,2187
2016/6/17,20359,436,41209,21163,819,34547,7019,3194,72174,16939,27954,13601,2454,2164
2016/6/20,17123,375,34829,16831,432,37502,7261,3152,70342,16896,27989,14852,2251,2183
2016/6/21,16971,166,30166,15013,160,31545,8494,3282,69491,16179,28113,15257,2341,2180
2016/6/22,19377,143,31478,18257,873,31220,6866,3227,69936,13419,28788,15272,2248,2174
2016/6/23,10218,80,22854,10195,585,23459,7386,3211,70033,13912,29277,15843,2161,2175
2016/6/24,54255,1096,131479,55223,2704,129758,7535,3724,73660,14984,31398,17443,2162,2176
2016/6/27,17219,875,42725,18202,272,38285,8048,3642,78757,16496,30713,17452,2566,2166
2016/6/28,18123,516,41229,16824,294,43340,9314,3569,75423,16433,30418,16764,2546,2159
2016/6/29,26190,558,39941,25862,1122,37632,7573,3838,76539,14403,31251,15297,2380,2131
2016/6/30,25244,439,45165,23366,895,40954,8692,4150,80536,13628,32019,14657,2249,2138
2016/7/1,22199,347,35927,23102,1616,33144,8510,4169,83492,14215,33307,14708,2018,2142
2016/7/4,22544,156,36346,19147,1173,41139,9905,4064,78449,12187,34219,14553,1834,2142
2016/7/5,16166,136,30430,17118,606,29676,10333,4022,78950,13475,34647,14218,1708,2135
2016/7/6,29344,159,52842,28080,1672,58631,9915,3748,73262,11866,35886,14420,1680,2135
2016/7/7,13500,921,33883,14346,388,29330,9776,3564,76539,12505,35169,12969,1867,2133
2016/7/11,22804,384,41081,22860,175,41798,10183,3739,75714,12911,35135,12934,1746,1980
2016/7/12,18944,2982,34644,19061,3391,32415,10374,3886,78462,13205,35691,13249,1524,1975
2016/7/13,26313,3735,46500,27026,3489,43947,9982,4463,82360,13578,36022,14218,1468,1957
2016/7/14,20678,4310,34762,20154,5416,34063,10422,4345,84580,13487,36997,15588,1394,1877
2016/7/15,24027,5553,46719,25325,5212,44219,10830,4332,86568,15243,36643,15085,1391,1773
2016/7/18,22258,12596,60308,20629,12073,63549,11452,4359,82014,14023,36147,13815,1315,1555
2016/7/19,26767,12530,74118,23689,13043,76363,14505,4449,85389,14442,36750,19211,1358,1265
2016/7/20,36058,1442,42511,38561,1918,42377,7865,4462,74737,13604,37337,12167,1271,944
2016/7/21,20720,358,32753,19183,750,32390,9245,4361,76337,13479,37628,13154,1161,759
2016/7/22,15819,179,28445,17062,365,29210,8028,4188,73838,13286,37641,11398,1130,499
2016/7/25,30899,454,49025,28984,1281,49178,9592,4050,72959,12922,38330,10236,1054,18
2016/7/26,17368,172,40441,17920,299,34789,9440,3963,78414,13246,38370,9869,1041,0
2016/7/27,24016,486,44590,24390,755,47522,8377,3878,76419,12579,38554,11158,1029,0
2016/7/28,15629,133,39356,16827,683,35513,8104,3878,80742,13480,39104,11642,1048,0
2016/7/29,17944,225,45168,18311,1558,45993,8217,3652,79225,13963,40211,11185,1093,191
2016/8/1,19801,361,37744,17770,433,32831,9285,3684,85400,12939,40315,11849,1150,257
2016/8/2,10448,211,22374,10097,64,28123,9387,3854,79638,12718,40338,12182,1146,403
2016/8/3,23278,185,44223,25147,1867,42034,5954,3436,81753,11057,41603,12264,1177,435
2016/8/4,15951,411,36453,14013,178,38297,6765,3372,79643,9972,41306,12019,1208,460
2016/8/5,20438,594,37297,19749,1392,33878,7600,3482,82553,10168,42214,11488,1082,379
2016/8/8,17256,596,31556,15236,298,35283,9286,3407,80255,9802,41841,13062,1037,456
2016/8/9,11706,419,27821,12587,799,25449,9016,3458,82184,10460,42272,12552,1111,481
2016/8/10,20495,210,36453,19197,1037,35687,10236,3353,83806,10360,42994,13534,1007,505
2016/8/11,27599,5375,49512,24469,7288,52065,14718,3110,83618,11708,44664,15885,994,511
2016/8/12,12850,6872,40740,14561,7246,37038,13086,3198,88027,11748,45126,16506,1098,509
2016/8/15,19233,19409,66732,17144,20209,68677,13280,3338,89459,10137,46064,19852,1002,511
2016/8/16,28302,16110,84700,29561,17731,85405,11714,3239,87781,9763,47586,18777,991,523
2016/8/17,21540,1716,44104,20182,3563,38914,4250,2867,77167,6956,49349,10301,968,517
2016/8/18,12859,841,30399,11524,714,26801,5185,2915,80197,6676,49270,9717,936,532
2016/8/19,24287,1232,50104,24492,1607,54393,5820,3224,80474,7553,49954,14094,930,531
2016/8/22,17896,88,46415,18842,1794,40522,5139,2757,85771,7919,51191,13332,961,517
2016/8/23,14264,1333,34670,16366,131,27218,5393,2930,90184,10245,50162,10280,1045,490
2016/8/24,13667,633,26840,13340,289,30303,4799,3103,86943,9302,49991,10597,1009,501
2016/8/25,15005,948,43483,17312,125,33268,5646,3250,96632,12462,49315,9954,1035,497
2016/8/26,10398,390,20700,9327,48,26419,5427,3262,90626,11085,48985,9743,994,500
2016/8/29,23386,227,40942,19773,1137,45624,6421,2925,87948,8663,49558,11887,1014,503
2016/8/30,14193,209,28600,15249,129,29340,5883,2989,86447,9155,49542,11200,1023,511
2016/8/31,23244,499,40686,24415,1233,38376,5293,3044,87935,9755,50331,10489,1055,513
2016/9/1,21188,299,42151,20081,1293,43693,5846,2728,88811,9090,51009,13016,996,513
2016/9/2,11686,15,29536,11700,198,27564,6958,2630,91034,10186,51094,13146,1046,503
2016/9/5,14501,1607,36866,17813,244,27555,7102,2963,98810,13645,50064,11234,1049,504
2016/9/6,14792,666,28902,15348,202,26810,7445,3006,102097,14392,49643,12470,948,504
2016/9/7,19399,1485,39446,21262,413,35732,6916,2997,107576,15664,48562,14366,899,507
2016/9/8,8830,41,16366,7367,331,23506,6458,2946,101034,13656,48801,15325,902,504
2016/9/9,19452,121,31794,15847,1903,42492,6824,2634,91505,10430,50270,16515,925,495
2016/9/12,20475,4558,43206,19659,5236,45446,7188,2436,90195,8667,52441,16237,1056,496
2016/9/13,27292,5656,51688,25708,5776,54183,8459,2441,90173,8464,52566,18624,1146,501
2016/9/14,18104,6387,42789,18300,6725,42352,10342,2298,88976,10558,52761,16806,1224,478
2016/9/19,27944,22103,87040,28877,18726,77859,10423,2710,99499,11571,49796,17831,1330,460
2016/9/20,19585,14908,59331,18411,15572,63517,9802,2693,103955,10151,50443,26634,1325,480
2016/9/21,25660,2856,42037,29263,2152,36558,5430,2848,85211,9631,49556,10514,1119,487
2016/9/22,15294,183,34856,14403,1077,35186,6569,2903,85484,9856,50505,10904,1060,499
2016/9/23,10710,574,29703,11510,400,24501,7080,2980,89500,11145,50408,9569,990,502
2016/9/26,10576,294,26801,12304,1341,28627,6029,2948,88681,11823,51423,10622,1158,548
2016/9/29,19551,1293,43320,22624,200,35971,5240,3240,94589,14003,50623,9110,1148,528
2016/9/30,16164,122,39049,15961,1472,43949,5850,2954,90805,14320,51687,10299,1300,524
2016/10/3,12051,278,30547,11139,95,28997,6253,3094,92641,13857,51644,10462,1130,529
2016/10/4,13269,1454,27733,12392,526,23500,7267,3769,96802,13858,51391,10305,1549,528
2016/10/5,10667,61,23184,11424,175,22451,5303,3663,98243,12595,51399,11121,1455,535
2016/10/6,12148,517,28813,11520,136,28798,5844,3733,98338,12449,51088,11021,1245,643
2016/10/7,6145,100,21467,7035,159,20610,6669,3593,100800,14074,51007,12649,1177,632
2016/10/11,25662,2593,62365,24712,3764,68101,7155,3248,103884,13661,51833,21202,1212,633
2016/10/12,17489,3591,41123,16461,2958,32541,6182,2977,110838,11917,50929,19136,1150,634
2016/10/13,19335,5609,42779,15031,5675,53379,10513,3119,105110,11942,51137,24413,1172,633
2016/10/14,14720,5567,44594,15079,6470,45882,10771,2988,103073,12739,51909,23658,1120,641
2016/10/17,31369,23957,97927,27689,24037,100279,12665,2967,109666,11739,51968,32807,1195,641
2016/10/18,25638,13775,70368,27905,12014,65694,12180,3055,110510,13741,50295,28721,1195,646
2016/10/19,32025,2598,44524,35227,1241,39148,3816,3232,95396,12016,49151,11427,1215,641
2016/10/20,13259,548,30340,13312,224,28785,4277,3243,97625,12278,48838,12322,1222,632
2016/10/21,14834,236,33847,15815,158,32474,4371,3260,99541,13142,48778,12816,471,650
2016/10/24,12026,281,32266,11334,28,28973,4914,3319,102465,12834,48584,12146,452,649
2016/10/25,14552,990,31070,15064,314,28071,6219,3160,105662,13856,47749,12554,466,648
2016/10/26,12006,41,22362,12681,513,28556,3383,3110,100396,11769,48171,13468,459,641
2016/10/27,17159,151,34824,16067,908,38951,3531,2693,96916,10888,48511,14176,435,635
2016/10/28,10675,208,26504,10634,220,26722,3373,2676,96548,10296,48506,13990,443,629
2016/10/31,20748,1056,40390,21566,353,39709,3172,2677,95438,10744,47804,12781,430,433
2016/11/1,15153,415,25804,13344,178,28998,4290,2716,92871,10041,47606,13516,431,433
2016/11/2,26880,64,36583,25226,1559,44686,4284,2589,87488,8341,48974,16505,458,429
2016/11/3,19379,251,33101,18862,1039,38700,3468,2503,84565,7171,49676,19321,452,429
2016/11/4,11059,110,28155,10057,198,28534,3577,2468,84175,6337,49729,19424,629,423
2016/11/7,17573,2198,30323,17672,474,26483,4106,2852,86617,6945,48389,18096,744,425
2016/11/8,16886,2356,30735,15861,1832,30775,5303,2911,87311,7063,47924,18605,740,424
2016/11/9,70204,5160,143771,69519,9207,146899,6822,2396,86161,7967,51456,20697,659,427
2016/11/10,19858,8487,53477,17824,5385,51787,7145,2539,86329,6187,48497,19489,623,427
2016/11/11,30723,7049,66159,31046,8345,72687,7675,2509,84082,6790,49763,24231,786,396
2016/11/14,29832,24557,84614,29571,24055,81917,8212,2576,87259,7123,49328,25071,610,395
2016/11/15,22317,7332,75127,24903,6985,70573,7004,2640,94453,8654,49045,27917,863,391
2016/11/16,30414,2083,37109,26640,987,39279,6304,2641,76657,5317,48048,14165,919,385
2016/11/17,12676,117,34435,12605,235,33562,6331,2653,78125,5392,48178,15094,916,388
2016/11/18,12452,993,35076,13228,93,32322,6067,2772,82391,5840,47397,16511,909,389
2016/11/21,9362,765,21799,8137,47,21259,6595,2852,81778,5126,46759,15576,857,397
2016/11/22,17780,2231,37474,21693,387,28917,5559,3126,89337,8013,45189,14314,788,395
2016/11/23,12942,660,25939,13679,111,24439,5059,3237,89828,8404,44768,13116,770,399
2016/11/24,10637,317,24750,10934,441,27638,4906,3338,88326,8618,44993,14636,634,389
2016/11/25,10151,161,27441,11566,131,25207,4752,3358,90559,9812,44983,14469,596,387
2016/11/28,14780,797,35805,16425,131,30892,4647,3334,97027,11236,44293,15828,596,387
2016/11/29,11663,88,26842,11588,225,29510,4830,3303,94931,11320,44395,16694,596,387
2016/11/30,17500,276,31610,18178,139,29819,4007,3295,97027,11225,44250,16968,503,386
2016/12/1,13492,684,31515,13054,146,31474,4155,3386,98856,10959,43803,18669,518,386
2016/12/2,18342,207,28418,15152,1178,37399,4854,3312,92091,8426,44700,21224,543,386
2016/12/5,13898,116,30584,14907,747,29275,4819,2963,93214,9450,44982,20783,555,385
2016/12/6,15548,1531,32070,18515,459,24591,6414,2918,100604,13953,43865,20458,674,385
2016/12/7,14743,261,21575,13443,152,26675,4490,2958,96898,10613,43796,21814,693,385
2016/12/8,15636,1017,27515,15830,89,23445,5505,3143,100066,11832,43053,20763,570,385
2016/12/9,8245,292,21768,8829,300,18357,5975,2944,101964,12843,42862,19219,589,385
2016/12/12,16846,275,31967,17259,677,37436,5564,2943,99937,13170,43263,22526,462,386
2016/12/13,8419,210,24646,6877,149,24453,6336,2963,98881,12377,43222,21235,452,386
2016/12/14,11993,1815,21212,11298,1910,24127,6462,2916,97194,11886,43270,22287,460,385
2016/12/15,17194,3692,39411,16851,3684,41424,6620,2922,95945,11716,43268,23202,442,385
2016/12/16,16822,8038,31695,15664,8501,40016,6620,2782,87781,10557,43591,23483,422,382
2016/12/19,19986,24076,57825,22372,25180,56251,5160,2553,84754,11586,44466,18947,388,382
2016/12/20,21951,8373,55700,17920,8389,61180,7893,2500,83022,10512,44429,22602,416,381
2016/12/21,21530,522,26971,20270,432,29988,3633,2234,71883,6969,44250,13792,493,382
2016/12/22,13344,149,25140,14200,702,29056,4807,2190,71640,8947,44759,17656,547,382
2016/12/23,11307,220,24213,11235,275,24789,5050,2142,70198,9049,44766,17184,615,382
2016/12/26,7581,601,12726,6815,52,12768,5203,2145,70601,8360,44220,17716,710,378
2016/12/27,4657,32,10298,4521,41,10950,5267,2143,69650,8269,44227,17502,767,364
2016/12/28,13807,1572,24426,12973,125,20044,5324,2217,71786,7443,42854,15093,799,363
2016/12/29,8079,253,24545,9471,72,21248,4744,2252,73487,8136,42708,13442,816,363
2016/12/30,14946,1070,31098,14501,64,28922,5835,2713,76232,8783,42163,13629,784,363
2017/1/3,11262,122,23744,8686,102,27092,7593,2721,73071,7948,42151,13653,779,363
2017/1/4,11280,195,21667,13284,54,24098,5689,2832,71394,8098,42121,14127,769,368
2017/1/5,15702,1037,35727,15227,171,28596,7404,2945,78269,9349,41368,13724,771,372
2017/1/6,8826,171,19343,8416,154,17870,7953,2860,79691,9415,41266,13528,716,376
2017/1/9,17039,77,30196,16193,465,34060,7510,2775,76915,8207,41569,14615,483,383
2017/1/10,9328,148,23510,10512,390,20482,6533,2713,79639,8435,41749,14342,482,383
2017/1/11,14410,1756,26121,14423,1605,28248,6701,2649,79603,8577,41534,16362,477,383
2017/1/12,20862,5274,42117,19621,4795,34047,8031,2713,86634,8555,41119,15052,485,383
2017/1/13,12055,7135,29837,11487,7696,36364,8772,2682,81917,9160,41649,16980,530,380
2017/1/16,22382,20863,69432,22327,22295,76457,10959,2271,84873,11569,42670,27026,343,385
2017/1/17,18364,9798,58772,16830,9326,52885,11732,2417,91928,10892,42344,28087,368,345
2017/1/18,22440,189,27481,20135,1082,35857,5935,2301,75995,8538,43127,21370,367,339
2017/1/19,23069,231,35339,22623,229,35398,13696,2288,76120,15876,43112,21492,373,340
2017/1/20,7803,136,21625,9561,250,17237,12806,2284,79568,16736,43222,20522,388,335
2017/1/23,14211,1725,32498,16346,81,26918,11882,2671,81461,17925,41965,16921,422,316
2017/1/24,10678,111,23829,11078,149,21981,11670,2624,80164,18022,41956,13700,406,304
2017/2/2,27120,409,38705,25307,670,43090,12812,2713,75339,17402,42306,13293,309,262
2017/2/3,13842,110,30007,13445,86,26698,13774,2728,76976,17830,42297,11533,296,115
2017/2/6,19007,896,35003,19252,217,31485,14638,2763,79865,18859,41653,10831,287,4
2017/2/7,11014,237,22113,9496,464,20622,15813,2555,82087,18488,41672,11562,333,0
2017/2/8,17018,2146,38088,18964,2320,38542,13288,2402,84625,17892,41693,14576,301,0
2017/2/9,19921,4474,40629,19195,4104,34511,12190,2454,89316,15379,41375,13080,359,0
2017/2/10,22592,5947,50290,26856,5169,47960,11879,2467,94065,19524,40610,15552,439,8
2017/2/13,17683,20670,71386,16214,20267,72407,12825,2501,99393,18947,40241,21908,451,11
2017/2/14,28191,10617,74711,30205,10689,76876,15507,2430,99924,23764,40242,24654,454,46
2017/2/15,24404,1178,39247,25861,366,35445,5554,2390,86335,11821,39390,13437,446,69
2017/2/16,17052,58,36391,16620,492,43349,6090,2282,81784,11715,39716,15934,420,76
2017/2/17,8216,34,25709,8432,501,25856,6274,2157,81172,12146,40058,15533,370,82
2017/2/20,11136,17,28674,13526,263,30849,7452,2094,80221,14106,40235,16516,448,85
2017/2/21,11874,240,27271,10766,246,30087,7940,2070,78345,13529,40217,17535,497,86
2017/2/22,17871,373,35504,17009,19,38394,6937,2083,77248,11906,39876,19052,498,86
2017/2/23,11493,102,35765,13567,131,32405,6368,2088,79707,13505,39910,18087,509,85
2017/2/24,11377,27,29817,10975,451,30283,6635,1912,80365,13321,40158,18948,507,87
2017/3/1,20709,123,40031,18440,836,48976,7516,1670,76733,11986,40629,24250,528,88
2017/3/2,19355,483,44409,18867,141,46230,7819,1797,75053,11779,40414,24138,549,88
2017/3/3,15611,119,33834,14405,215,34308,8803,1723,75754,11532,40436,25375,552,92
2017/3/6,13139,454,32068,13593,58,28548,8040,1728,77589,11168,40045,23425,624,79
2017/3/7,13550,838,29455,12734,90,28819,9978,2021,76633,12101,39590,21843,631,87
2017/3/8,17059,2965,35653,16992,2212,36246,9540,2085,76938,11484,38901,22676,638,88
2017/3/9,21387,4611,42184,21198,5707,51078,10921,1818,71827,12849,39730,26409,690,83
2017/3/10,23668,8928,71003,24208,9322,73736,8995,1755,71869,11369,40060,29077,664,89
2017/3/13,18305,19179,75374,16538,18514,69361,10362,1692,77721,10699,39332,28593,633,95
2017/3/14,20422,7773,59549,19469,6510,58383,11558,2003,77022,11378,38380,26522,766,102
2017/3/15,21382,338,31205,21925,295,34651,4162,2069,69795,9840,38303,16772,744,119
2017/3/16,17200,1078,35968,16559,166,30878,6035,2091,73997,10990,37413,15620,737,146
2017/3/17,13874,549,25049,11682,124,26073,7452,2275,73804,10086,37172,16443,666,145
2017/3/20,11995,266,23375,10511,125,23959,7753,2194,73596,8880,36950,16756,675,121
2017/3/21,20472,730,30698,19196,138,31961,9880,2320,76669,9754,36484,20907,383,138
2017/3/22,21634,74,33411,21722,788,35950,7621,2231,74464,7417,37109,20904,311,125
2017/3/23,19678,100,28964,18891,614,32809,7857,2244,72515,6767,37636,22724,327,120
2017/3/24,14275,48,29262,15516,130,26206,6642,2208,74022,6777,37682,20947,274,118
2017/3/27,17077,150,33930,20128,666,29423,5372,2150,79245,8515,38140,21591,345,116
2017/3/28,26943,395,42998,27207,621,47081,6003,1764,77085,9445,37980,23456,336,120
2017/3/29,18713,544,29350,18024,675,31349,5440,1870,74750,8295,38217,22999,325,120
2017/3/30,12371,199,29248,13738,113,27351,4941,1930,75447,9175,38191,21796,337,119
2017/3/31,12900,35,24632,13759,452,26324,5077,1730,75140,10151,38408,23107,337,119
2017/4/5,25869,1496,42757,22595,116,37920,7990,2038,81173,9921,37336,23969,351,122
2017/4/6,15992,149,28412,16580,196,34441,7171,2086,75554,9673,37431,24734,397,120
2017/4/7,31276,307,60135,28173,1228,66070,8742,1778,68019,8081,38044,23297,443,126
2017/4/10,11846,179,28415,11237,91,26863,9336,1773,68267,8032,37951,21611,277,135
2017/4/11,24200,215,44007,26850,475,43956,8104,1714,69036,9452,38152,22436,307,135
2017/4/12,17300,87,36169,19939,150,32996,5683,1678,71493,9699,38179,21574,382,133
2017/4/13,22224,5542,49512,22620,5185,47113,7430,1742,73383,12015,37886,21322,399,133
2017/4/14,32125,8353,40827,30514,7335,49372,6845,1669,69789,9504,38795,24438,411,133
2017/4/17,27994,20142,82289,27028,20281,81502,7559,1599,72113,9151,38864,25913,389,143
2017/4/18,22507,8657,67177,18519,8530,72862,11241,1615,69025,8850,38753,28543,375,137
2017/4/19,33686,734,44958,31078,1437,50682,6831,1711,59086,5863,39534,22079,462,136
2017/4/20,12914,131,33507,13564,199,31107,6873,1737,60069,6649,39628,20906,492,135
2017/4/21,16562,1105,29393,16662,53,24257,8780,1869,61067,8455,38708,17099,528,140
2017/4/24,16251,789,32738,17014,102,34786,8333,2101,61175,8903,38253,19220,958,144
2017/4/25,21793,1039,43579,19983,75,35579,11105,2176,65608,9800,37365,15666,1034,149
2017/4/26,16304,701,33325,18896,118,32779,8654,2204,67115,9971,36810,16455,799,150
2017/4/27,10936,146,28528,11366,206,27693,8471,2200,68538,10236,36866,16960,749,150
2017/4/28,14387,331,32944,13518,54,31774,8768,2244,70773,9594,36633,17823,556,150
2017/5/2,17355,717,33717,18824,111,29114,10366,2325,74956,12581,36108,17412,545,151
2017/5/3,12311,89,20211,12929,63,20223,10382,2362,75470,13231,36119,17776,466,151
2017/5/4,13060,49,24403,10321,94,23732,12370,2341,75945,12463,36143,17482,472,151
2017/5/5,16450,62,28486,17828,1159,31738,10284,2185,72983,11733,37084,17819,337,151
2017/5/8,14844,187,28733,13245,93,30452,11223,2276,71296,11085,37081,17429,310,152
2017/5/9,26155,280,51060,27755,327,48894,11250,2183,73906,12724,37035,17798,276,152
2017/5/10,15481,473,29037,14146,271,27380,12873,2171,75280,12923,36821,17004,299,151
2017/5/11,21015,4649,39407,18054,4189,38304,15853,2179,76203,12965,36369,16527,272,151
2017/5/12,10705,6164,31883,11843,6196,31480,14811,2133,76507,13250,36355,16487,242,133
2017/5/15,21138,20333,74801,20531,20368,74820,16501,2142,81656,13942,36415,21650,256,128
2017/5/16,22411,6798,58572,25728,6835,60592,14513,2085,80979,15284,36395,22856,267,128
2017/5/17,24266,1087,39226,24393,1294,37308,7339,2025,73767,11308,36499,13979,268,126
2017/5/18,17777,127,42441,18730,927,38850,8365,1696,77638,13278,36970,14287,255,125
2017/5/19,9766,111,22031,9526,91,25889,8491,1707,75224,13224,36961,15683,185,125
2017/5/22,13654,518,26956,10065,650,27002,11458,1945,74338,12635,37331,14968,215,125
2017/5/23,13640,138,34181,13872,125,31754,11256,1880,76727,12748,37253,15032,256,124
2017/5/24,12447,48,25068,11737,77,23971,12025,1885,78116,12800,37287,15318,255,124
2017/5/25,14557,779,34951,15902,150,28808,12406,2041,84605,14494,36814,15788,266,124
2017/5/26,13269,42,30892,14889,244,36055,10741,1946,80759,14430,36921,17055,227,124
2017/5/31,17083,64,33466,15895,1019,40019,10547,1607,78492,13037,37537,21293,216,124
2017/6/1,12476,639,26591,8943,155,28363,12630,1617,76635,11666,37063,21318,177,123
2017/6/2,12865,991,31091,12188,63,30501,13797,2059,76190,12094,36577,20219,182,122
2017/6/5,16651,657,31823,13785,182,30981,15701,2002,77015,11444,36087,19649,214,122
2017/6/6,8565,64,19646,8883,161,20560,15509,1942,76567,11570,36124,20176,206,122
2017/6/7,15887,163,34683,17727,98,33541,14498,2028,77618,12394,36145,20090,187,122
2017/6/8,11088,56,24188,8479,18,24540,16397,2058,78295,11722,36136,21155,184,122
2017/6/9,12366,48,33236,15592,244,31596,14110,1883,78829,12633,36157,20001,192,122
2017/6/12,14901,64,37984,18219,1482,38092,13078,1511,80611,14911,37203,21985,190,126
2017/6/13,17492,519,29356,16269,68,30979,14032,1505,79700,14654,36746,22660,173,128
2017/6/14,27152,2329,49571,26066,2812,54667,14260,1450,74804,13803,37174,22872,172,128
2017/6/15,17303,4463,42904,15607,4466,42979,14468,1507,77043,12327,37234,25185,171,127
2017/6/16,19345,6772,51764,21689,5179,48169,14496,1822,75642,14691,35956,20188,247,127
2017/6/19,25419,17926,65197,24289,17309,65496,14581,1950,80817,13603,35467,25700,247,129
2017/6/20,29726,8520,66072,29477,8170,65327,16415,1934,82751,15538,35101,26903,280,129
2017/6/21,32525,762,58985,33716,725,54917,6590,1874,77879,11699,34989,19079,286,129
2017/6/22,15679,407,38664,13947,71,39992,7977,1885,77347,11351,34664,19772,192,129
2017/6/23,11575,875,31744,13580,89,32473,7817,2162,76549,13193,34155,19633,181,120
2017/6/26,32399,1274,64921,27799,39,68068,12775,2212,77463,13618,32970,23836,189,109
2017/6/27,17961,217,38289,17111,103,43260,13922,2175,75761,13942,32819,27063,187,108
2017/6/28,25030,51,53740,27622,741,53175,11614,1949,76546,14227,33283,27275,173,109
2017/6/29,16398,64,42377,16231,191,42358,11630,1856,77496,14037,33317,28220,161,109
2017/6/30,19296,95,44950,18278,495,46376,11838,1905,77901,13192,33766,29951,168,109
2017/7/3,15600,78,36734,13216,13,38046,13216,1950,76904,12202,33746,30258,193,109
2017/7/4,19092,61,43390,20432,387,44710,12754,1948,76301,13002,34070,30864,275,109
2017/7/5,28525,638,52046,28597,263,47802,11733,1932,79250,12067,33679,29551,286,109
2017/7/6,17326,158,41731,15845,102,47032,13379,1968,74051,12132,33659,29617,294,109
2017/7/7,18316,0,37267,17414,925,40564,14393,1809,72856,12162,34425,31610,322,108
2017/7/10,15654,137,35190,17507,56,34332,13273,1847,73571,12879,34382,31499,332,110
2017/7/11,26902,1706,48971,23692,24,46104,16744,2100,76448,13101,32953,31547,324,115
2017/7/12,19585,1350,37617,19697,1055,42267,15361,2366,73529,11868,32924,33285,362,114
2017/7/13,24784,3915,55770,23693,3242,52841,15820,2417,70832,11385,32302,27645,398,114
2017/7/14,12941,4097,33324,12364,4099,34768,16346,2426,69135,11334,32313,27381,436,113
2017/7/17,25215,18557,73491,23737,18500,75406,17401,2472,73680,10928,32302,33805,431,113
2017/7/18,20648,7610,55475,18193,7565,56424,20448,2496,70387,11448,32281,31470,409,82
2017/7/19,28496,341,42770,34660,697,41131,7455,2496,63079,11255,32517,19796,377,82
2017/7/20,12386,106,27558,11312,91,30262,7869,2566,61399,10599,32572,20729,375,86
2017/7/21,14565,0,29385,14338,668,31882,8818,2515,59939,11290,33189,21774,372,87
2017/7/24,14205,156,34342,14344,619,29184,8459,2349,63142,11033,33486,19906,340,89
2017/7/25,14860,98,28050,11465,119,31854,11002,2330,60173,10192,33488,20786,174,84
2017/7/26,24933,741,39806,25371,90,41455,10049,2601,60963,9643,33108,23111,172,78
2017/7/27,20504,575,42202,22210,11,34610,9061,2688,67610,10365,32631,22169,196,59
2017/7/28,22691,62,37162,19044,1279,46426,12399,2205,61931,10062,33365,25764,203,49
2017/7/31,15786,136,34762,16613,476,33434,11523,2203,61864,10013,33703,24492,209,7
2017/8/1,19558,759,37328,19524,127,38956,10887,2318,59503,9403,33186,23853,216,0
2017/8/2,20867,616,38962,20500,87,33884,10579,2514,63990,8757,32853,23316,178,0
2017/8/3,22315,235,47920,20280,903,50196,13164,2143,62792,9211,33150,24533,289,0
2017/8/4,10488,76,27692,8926,2,26533,14271,2151,64334,8751,33084,24857,324,1
2017/8/7,15156,671,29139,15170,11,27883,14425,2222,66237,8899,32495,25513,317,6
2017/8/8,18169,103,35230,16283,101,37290,16278,2242,64823,8870,32513,26015,291,10
2017/8/9,24115,202,41913,25815,546,43115,15472,2390,63906,9778,33005,26235,337,12
2017/8/10,27545,2065,56167,29920,3126,62045,14067,2297,59581,10753,33973,27699,333,15
2017/8/11,22726,5134,56699,23938,5294,54701,13627,2206,63233,11506,34042,29115,234,23
2017/8/14,27055,19333,86756,28623,20223,84781,15487,2179,57777,14581,34905,21542,231,25
2017/8/15,30584,9074,75052,26228,8965,77476,15758,2236,61295,11176,34853,27565,372,29
2017/8/16,40690,502,54180,36341,533,57203,10733,2277,55683,9291,34923,20995,477,50
2017/8/17,17268,672,39358,18101,39,34566,11157,2364,59468,10540,34377,20108,517,68
2017/8/18,20366,249,46136,19592,134,45702,11521,2376,58669,10126,34274,18919,616,101
2017/8/21,15899,87,41673,14579,52,40641,12731,2379,59391,10012,34242,18613,660,107
2017/8/22,16397,590,39926,19544,52,36271,12313,2482,62676,12845,33807,18269,738,95
2017/8/23,22251,341,40446,22150,172,43084,10887,2466,61605,11318,33622,19867,702,103
2017/8/24,16216,780,44201,18559,34,34422,11100,2520,70642,13845,32930,19000,733,101
2017/8/25,16939,445,38297,15366,133,39294,11694,2592,70180,12839,32690,19524,736,107
2017/8/28,14741,198,38305,15003,1270,36548,11623,2716,72231,13016,33886,19842,555,120
2017/8/29,17229,28,41065,18542,192,42085,11088,2566,70260,13745,33900,18826,553,121
2017/8/30,21279,198,51083,22814,718,47669,12003,2648,75333,16181,34502,20438,444,106
2017/8/31,15771,65,39858,15188,305,40488,11507,2616,75851,15068,34710,21532,405,107
2017/9/1,14770,109,34493,15119,82,31059,12381,2606,79164,16380,34673,21454,388,105
2017/9/4,13140,64,31881,13634,120,30021,11779,2521,80494,16341,34644,20929,422,105
2017/9/5,19222,57,35929,17908,1635,37482,11861,2536,79385,15136,36237,21349,357,108
2017/9/6,26829,28,50067,28253,1348,51122,11618,2378,77996,16300,37399,20952,351,114
2017/9/7,19166,56,46177,20567,1315,45650,11262,2279,80185,17376,38559,22611,295,113
2017/9/8,22326,330,49184,22170,2559,41094,11019,2464,87193,17306,40973,21482,316,108
2017/9/11,25873,348,48420,23439,724,54402,12210,2507,82091,16041,41391,22370,322,108
2017/9/12,14763,47,38161,14501,180,36538,12790,2370,83003,16363,41387,21620,349,111
2017/9/13,22967,1526,44998,23132,2733,48970,13085,2006,83285,16835,42230,25930,368,113
2017/9/14,15367,4086,45546,14854,4264,43789,13734,1959,84169,16977,42361,25030,326,117
2017/9/15,19697,6524,56678,20161,6495,53325,12554,1980,86300,16304,42351,23723,385,114
2017/9/18,27437,23421,67175,27426,22462,64665,14670,2202,95868,18346,41614,30677,351,118
2017/9/19,32123,8174,77056,27419,8726,88888,18699,1992,92326,17664,41956,38893,397,115
2017/9/20,38593,711,63562,41228,1811,62253,8848,1720,75581,16156,42784,21296,411,119
2017/9/21,19361,711,49074,18360,33,45352,10092,1751,78514,16428,42137,20372,417,125
2017/9/22,24161,422,48924,25705,1053,56158,10268,1836,75040,18169,42853,24375,301,126
2017/9/25,26767,180,59934,27152,1357,61914,10142,1735,74423,18438,43929,25849,338,127
2017/9/26,27798,324,58709,28600,805,58557,10705,1698,74922,19812,44373,26351,392,130
2017/9/27,24932,2293,41996,23248,85,42223,9726,1685,72931,17168,42152,24512,420,135
2017/9/28,20524,2231,57495,20659,167,61772,10167,1775,71875,17734,40178,27703,526,139
2017/9/29,18973,188,38526,19617,378,37050,9543,1789,72962,17767,40382,27331,723,151
2017/10/2,22092,2040,33964,22006,5,29950,11532,2024,73744,18411,37355,23690,910,160
2017/10/3,19969,1204,34055,16674,145,35767,13506,1967,72490,17090,36239,24109,928,213
2017/10/5,20115,1034,35963,21953,290,31309,10878,2035,77126,16199,35563,23975,1014,238
2017/10/6,13653,136,30245,12678,99,30451,11356,2141,75510,15686,35632,22567,1014,270
2017/10/11,35114,943,62448,34797,84,56824,10202,2173,82681,14230,34805,24114,972,287
2017/10/12,20851,4110,35446,18981,3631,34643,10759,2131,84662,13341,34284,25292,957,288
2017/10/13,14636,5615,31673,12658,5670,33192,11991,2056,86903,12828,34264,29067,946,265
2017/10/16,23786,17789,68808,24068,17537,70864,12840,2044,97183,13832,34000,41403,883,257
2017/10/17,24122,8595,78534,25677,8788,78297,11146,1991,97988,14166,34140,41987,853,269
2017/10/18,29920,483,48912,29974,507,46359,6157,1962,77900,12774,34134,20186,408,297
2017/10/19,17718,822,35728,17184,11,36566,6166,2102,78809,12180,33463,21933,318,282
2017/10/20,17961,28,41724,19439,117,40607,5624,2060,80084,13064,33510,22080,314,270
2017/10/23,19321,99,34874,16095,42,37435,7896,2081,77484,12011,33474,22031,249,248
2017/10/24,12557,879,28952,13874,103,28075,6832,2147,79289,12202,32764,22959,209,244
2017/10/25,19832,123,37388,19482,180,40640,6783,2091,76166,11810,32765,23091,213,244
2017/10/26,13706,324,34582,14740,160,33998,5594,1967,77492,11682,32477,23833,204,238
2017/10/27,23605,126,42782,23159,626,43388,6891,1668,77894,12442,32678,24847,207,238
2017/10/30,24403,1135,54430,23312,16,52053,6830,1903,81124,11165,31794,25700,199,231
2017/10/31,19143,93,34615,16530,227,35787,8671,1754,81299,10337,31779,27050,199,231
2017/11/1,17278,442,35381,17241,81,38791,8096,1880,77963,9736,31544,27171,189,226
2017/11/2,13210,128,32062,13589,265,31881,8410,1749,78170,10407,31550,27224,191,226
2017/11/3,13784,42,32113,12502,386,34410,9571,1676,76727,10205,31821,28078,168,225
2017/11/6,16729,684,43729,16249,147,45457,11248,1918,76720,11276,31526,29801,181,225
2017/11/7,14870,859,32861,13094,468,30115,12225,1936,76830,10273,31153,27165,179,224
2017/11/8,11477,0,28891,11021,3,30514,12172,1933,73243,9751,31153,26601,180,223
2017/11/9,23315,3556,56453,24437,4521,58597,12219,1551,73692,10900,31736,29194,193,223
2017/11/10,17127,4080,50709,18344,4120,48881,10704,1505,77267,10685,31730,30921,187,223
2017/11/13,15586,15767,62856,16378,16075,62238,11248,1397,76678,12005,31930,29710,191,222
2017/11/14,27374,9432,93420,24539,8979,95973,12302,1550,82523,10204,31630,38111,190,222
2017/11/15,25168,193,57784,25098,890,61256,5775,1403,67995,6556,32184,29600,192,221
2017/11/16,10311,122,28789,10275,103,27589,6209,1420,69219,6951,32182,29623,197,221
2017/11/17,14826,815,42238,16107,655,34560,5836,1690,71797,7845,32292,24523,200,221
2017/11/20,13312,111,26839,12081,781,30776,6744,1657,70372,7571,32929,27036,199,221
2017/11/21,19713,877,37978,19069,52,36236,7370,1736,73146,7556,32183,28067,199,221
2017/11/22,23800,245,42425,23176,1047,39945,7954,1731,75471,7499,32980,27912,330,216
2017/11/23,9997,129,23794,9053,33,24164,8439,1774,74703,7033,32927,27514,377,217
2017/11/24,8340,136,21381,7831,1069,21636,8806,1815,74286,6891,33901,27377,352,209
2017/11/27,17764,71,40275,18972,1279,44725,8604,1473,70923,7793,34767,28471,372,206
2017/11/28,13724,7,43509,17549,81,43659,7038,1460,70569,10057,34828,28270,388,205
2017/11/29,16521,263,40864,14874,57,41050,6733,1490,70565,8100,34652,28451,313,204
2017/11/30,23375,96,62612,23360,628,67548,7793,1479,70505,9171,35173,33327,277,204
2017/12/1,27769,606,76276,27558,124,73653,8596,1517,69823,9795,34729,30022,280,203
2017/12/4,18504,192,63530,18546,28,62811,8560,1565,69097,9795,34613,28576,342,203
2017/12/5,19899,367,59813,20631,691,60016,8359,1635,69301,10344,35007,28955,377,201
2017/12/6,31523,397,73556,33095,1478,74178,8052,1860,70353,11567,36313,30203,377,201
2017/12/7,21589,714,67021,22303,141,67945,7519,1884,71195,11734,35764,31973,595,203
2017/12/8,20153,747,53075,19448,70,55706,8278,2020,70149,11795,35223,33531,654,214
2017/12/11,17581,1132,43965,17800,84,41692,7941,2040,69134,11825,34195,30229,668,217
2017/12/12,19719,196,46774,18935,652,46403,8292,2026,69190,11424,34637,29911,733,225
2017/12/13,14663,387,40440,16306,99,38025,7040,1989,70199,11862,34312,28505,960,219
2017/12/14,18717,3981,50938,20086,3664,47692,6376,2159,74253,12569,34165,29297,1122,210
2017/12/15,27665,4514,63259,22439,5731,68468,9217,1898,73826,10191,35121,34079,1209,222
2017/12/18,18289,16431,79571,17843,16041,81124,10316,1757,78352,10850,34590,40158,1268,224
2017/12/19,22954,11344,88115,25798,11393,83659,8112,1742,84319,11485,34624,41664,1323,234
2017/12/20,23930,498,55547,25087,1072,47715,4455,1728,65699,8651,35179,20117,1300,237
2017/12/21,12926,107,39203,13050,411,41211,4154,1724,65705,8474,35479,22131,1223,241
2017/12/22,8647,715,28291,8922,69,26696,4530,1779,66338,9138,34888,21169,1296,248
2017/12/25,8446,71,19553,9064,197,19172,4423,1708,66574,9640,34943,21024,1284,248
2017/12/26,19046,90,44162,20070,1619,46290,4481,1528,66042,10596,36292,22619,1285,235
2017/12/27,13278,203,39833,14252,555,34441,3954,1613,70161,11040,36729,21346,1296,243
2017/12/28,16868,610,44825,16303,113,42324,5310,1914,73215,11831,36533,21888,1302,250
2017/12/29,16776,1251,35763,14866,7,38351,6778,1962,72655,11316,35337,23916,1291,248
2018/1/2,16455,159,39224,14741,450,35821,10826,2054,76058,13712,35720,23916,1290,237
2018/1/3,22237,198,41530,21284,130,42741,10174,2035,75808,12011,35633,24877,1279,251
2018/1/4,15879,230,41637,15364,231,40649,10242,1895,74716,11554,35494,22797,1261,254
2018/1/5,15157,27,36624,15675,85,36761,10068,1818,73223,11808,35475,21517,1196,262
2018/1/8,15190,159,40314,12433,230,42337,11730,1740,73599,10689,35468,23925,1134,257
2018/1/9,11745,80,36030,12867,16,32391,11098,1808,77432,11155,35472,24119,964,275
2018/1/10,18615,463,50306,22424,152,49894,9030,1700,77298,13323,35053,23573,727,271
2018/1/11,17395,2420,54794,16537,1969,56051,8774,1655,78216,12182,34557,25748,600,264
2018/1/12,20715,6414,57205,21610,5243,54594,10413,1779,81840,15103,33510,26763,472,264
2018/1/15,22879,17782,77920,18259,16961,81955,12668,1643,77665,12666,32553,26671,396,255
2018/1/16,22138,9765,75224,22515,9732,77843,13147,1656,81553,13828,32533,33189,371,251
2018/1/17,27414,1045,53954,31221,540,48423,6105,1735,74986,11274,32081,22569,382,244
2018/1/18,26663,2690,61199,26868,185,64951,5665,1642,73877,11031,29483,25211,373,242
2018/1/19,16131,114,38085,15112,535,37339,7029,1713,75602,11372,29975,26190,343,240
2018/1/22,23419,131,49829,18495,541,56972,11318,1760,69928,10734,30432,27659,270,230
2018/1/23,23851,127,51607,21611,2242,55211,12929,1807,68341,10101,32594,29676,242,206
2018/1/24,29086,100,60470,31309,2448,57575,9311,1711,70044,8522,34846,28482,250,140
2018/1/25,29053,321,78358,30612,1497,73086,9418,1865,74067,10153,36176,27232,225,105
2018/1/26,23655,265,63621,25035,1243,63372,8311,1982,73771,10428,37271,26983,220,94
2018/1/29,20471,102,47235,17290,60,49847,11264,1973,71473,10139,37220,27297,215,70
2018/1/30,23603,0,65630,26699,677,61491,9560,1880,73554,11340,37804,25238,211,13
2018/1/31,32113,309,67464,33481,186,66097,7265,1891,76896,10418,37692,27213,300,0
2018/2/1,18835,629,54581,17628,172,56320,9284,1929,77012,11234,37273,29065,283,0
2018/2/2,27132,228,66683,26057,481,70582,10858,1820,74813,11735,37417,30769,485,0
2018/2/5,35608,76,72094,35722,425,75970,10805,1825,72215,11780,37771,32066,501,12
2018/2/6,88460,425,190174,94855,3213,187252,13151,1739,71010,20519,40473,27939,531,16
2018/2/7,50352,5157,141917,49449,3450,136731,10272,1831,73006,16740,38858,24818,533,7
2018/2/8,24483,6024,98321,24171,6053,100571,11586,1829,72213,17704,38884,26274,644,17
2018/2/9,46778,18283,143627,44686,19112,147002,14244,1738,71902,17703,39622,29338,772,57
2018/2/12,28305,12271,129669,27256,11282,129592,13622,1785,74313,16014,38680,31672,933,60
2018/2/21,31890,3242,99086,30009,237,93861,8329,1904,68699,12018,36134,20923,1496,74
2018/2/22,12134,179,55859,11837,555,60731,8315,1440,65514,11681,36046,22621,1528,97
2018/2/23,14598,1521,58805,15099,88,53705,9020,1470,68850,12911,34643,20866,1511,110
2018/2/26,12326,669,40958,11348,104,44894,9006,1518,66046,11930,34126,21998,1831,104
2018/2/27,14350,163,45627,15657,90,44453,8750,1605,66620,12981,34140,21398,1843,121
2018/3/1,21451,27,63009,21672,685,62978,8381,1516,66810,12905,34709,21554,1726,145
2018/3/2,20889,29,80623,21261,809,80149,9164,1453,67383,13975,35426,21635,1798,164
2018/3/5,20819,56,82776,20675,411,83406,9510,1403,68589,14132,35731,23440,1666,166
2018/3/6,20211,1027,64962,19162,96,62337,11238,1437,70899,14805,34834,23125,1496,182
2018/3/7,23432,153,64375,24309,238,65876,9693,1396,70459,14196,34878,24185,1407,198
2018/3/8,14624,615,55492,13624,99,52111,10150,1426,73679,13726,34392,24015,1388,190
2018/3/9,14431,1048,50623,15153,70,51365,9733,1429,72482,14073,33417,23563,1337,206
2018/3/12,18500,1596,48661,17924,77,46483,11075,1495,76776,14839,31964,25672,1293,219
2018/3/13,16128,836,39901,14663,47,40992,12352,1485,75674,14667,31165,25661,1207,229
2018/3/14,19460,133,49267,19635,149,51336,10893,1495,73320,13383,31191,25377,1196,265
2018/3/15,14588,2641,52523,15459,2690,52006,11696,1450,77254,15054,31195,28794,1140,285
2018/3/16,27724,4015,74973,24978,4234,81712,12714,1473,72713,13284,31437,30992,1093,287
2018/3/19,24646,15083,85322,25473,15472,83152,9841,1495,76093,11755,31848,32202,962,312
2018/3/20,19602,10808,83625,19192,10855,83263,11024,1440,81923,12541,31840,37670,933,285
2018/3/21,27317,401,46260,27810,265,46037,6785,1436,66558,12418,31702,22128,951,249
2018/3/22,22705,163,66049,22972,984,64942,6762,1468,66430,12638,32555,20893,955,255
2018/3/23,24726,121,84476,25311,1540,84627,7434,1352,68582,13871,33858,23197,1006,261
2018/3/26,20499,153,74958,19692,399,71524,6971,1397,70742,12391,34149,21929,969,278
2018/3/27,20970,905,63549,21308,56,65432,7978,1433,69039,13540,33336,22119,958,255
2018/3/28,23844,16,65688,25063,778,69516,5800,1350,68622,12582,34015,25556,951,257
2018/3/29,16710,102,77431,16291,124,76958,5897,1370,67820,12207,34057,24294,950,257
2018/3/30,15476,650,50350,16831,140,45119,6014,1407,69988,13680,33584,21221,995,254
2018/4/2,14899,208,44838,14798,489,44483,5215,1360,70657,13658,33789,21516,991,253
2018/4/3,16475,113,68735,16203,741,70381,5448,1359,69934,13619,34416,22470,945,259
2018/4/9,24630,1516,75818,22714,144,73122,6394,1358,71529,12657,33043,21369,960,253
2018/4/10,23492,1549,73648,24774,89,73857,6411,1428,72054,14186,31653,22103,971,253
2018/4/11,20425,863,52454,17896,24,53801,7615,1438,71845,12871,30824,23241,917,253
2018/4/12,19674,2072,56720,17618,1248,63729,7790,1407,64938,10954,29969,23366,944,252
2018/4/13,17081,5498,56689,16660,4278,54843,9579,1418,67915,12559,28760,24497,984,254
2018/4/16,20264,15536,93386,19759,15219,95467,10040,1405,68391,12652,28430,27056,1144,258
2018/4/17,30523,8925,78264,33000,9851,82878,8048,1330,66312,13115,29282,29599,1074,293
2018/4/18,40453,447,61685,39395,457,58123,6356,1319,61686,9937,29281,21788,1082,291
2018/4/19,18047,1060,58723,18514,72,48466,8959,1506,72232,13006,28480,22070,1036,292
2018/4/20,24148,160,61783,27526,1039,80863,5625,1473,61381,12650,29326,30348,1017,292
2018/4/23,22767,139,62162,22096,380,63192,5424,1517,60045,11533,29611,30053,1029,292
2018/4/24,26702,147,71680,27122,199,72874,5952,1544,58352,12340,29690,29554,1037,314
2018/4/25,30316,476,80061,26396,15,79854,6623,1643,56743,9087,29328,27749,1071,304
2018/4/26,19308,585,75273,21705,88,75923,5634,1660,56134,10494,28848,27790,1112,297
2018/4/27,16031,530,56970,16304,94,52901,4600,1671,57436,9800,28423,25010,987,272
2018/4/30,18801,862,54052,18387,50,55604,5157,1728,56268,10027,27668,25393,1267,257
2018/5/2,16730,562,44428,15319,106,44548,5485,1768,57554,8913,27252,26814,1505,279
2018/5/3,18213,305,59445,19072,186,62252,6509,1739,56374,10799,27104,28450,1720,263
2018/5/4,19108,119,65931,17850,12,66229,6204,1786,52861,9117,27044,27597,1924,254
2018/5/7,21816,632,54409,20442,60,56573,6883,1821,52805,8455,26507,29705,2280,277
2018/5/8,17057,360,48442,16969,24,42170,7433,1856,56786,8937,26206,27416,2760,419
2018/5/9,20474,407,57638,20682,133,53148,7401,1862,59457,9185,25938,25599,2681,417
2018/5/10,16579,316,48978,15083,12,50096,9077,1893,59360,9360,25665,26620,2698,453
2018/5/11,19423,2955,65949,22697,2690,57945,7965,1919,65284,11554,25426,24496,2810,431
2018/5/14,22483,15392,75417,20539,15337,76099,8692,1913,67555,10486,25365,27449,2815,426
2018/5/15,25964,8845,83883,26660,9205,85553,7640,1844,69880,10091,25656,31444,2592,435
2018/5/16,29202,640,61345,29435,566,58602,4939,1892,62969,7631,25630,20505,2386,448
2018/5/17,15852,45,38949,15763,111,44458,6211,1829,60255,8791,25633,23300,2278,455
2018/5/18,12902,60,39630,13903,85,38391,5580,1829,61471,9154,25658,23277,2221,456
2018/5/21,16268,463,41252,15329,40,37593,5842,1896,64969,8483,25302,23117,1602,478
2018/5/22,17839,62,39134,15699,606,42988,8115,1792,61615,8630,25742,23617,1273,483
2018/5/23,18332,189,49038,20611,619,47636,6475,1785,64848,9269,26165,25448,1187,479
2018/5/24,14099,114,47601,12136,34,45315,8406,1787,66489,9244,26087,24803,1166,480
2018/5/25,13438,26,51431,15032,20,48120,7491,1790,69470,9976,26084,24473,1191,338
2018/5/28,12833,423,40148,11182,36,41657,9047,1793,68113,9881,25700,24625,1189,339
2018/5/29,16427,125,43912,15116,116,45325,9934,1717,66420,9459,25615,24345,1068,324
2018/5/30,24166,36,59862,27569,716,66530,7676,1635,64872,10406,26213,29465,1101,324
2018/5/31,15546,318,54615,15163,1,50450,7275,1665,66128,9597,25926,26556,1093,325
2018/6/1,15284,133,49940,15211,113,44916,7501,1689,68467,9730,25930,23873,1100,325
2018/6/4,20838,330,43074,20499,166,39277,8535,1723,73867,10408,25800,25474,1045,326
2018/6/5,16010,53,43660,16344,393,44337,8394,1716,72646,10601,26133,24929,1045,326
2018/6/6,20806,393,54950,24824,105,46849,8355,1688,78562,14585,25817,22750,1067,327
2018/6/7,17719,121,51972,16482,292,55267,7732,1720,76369,12725,26020,23852,1151,321
2018/6/8,15711,10,49370,16126,547,50896,8011,1656,74893,13416,26493,23902,1133,313
2018/6/11,13583,6,46731,14911,199,47318,7033,1530,74625,13766,26560,24220,1111,316
2018/6/12,20829,16,63025,20476,117,63225,6976,1486,74397,13338,26617,24185,1024,318
2018/6/13,17674,49,44501,16649,36,45143,7541,1522,73295,12508,26640,23726,969,318
2018/6/14,19396,3216,56504,19736,3785,62462,6653,1609,71217,11913,27296,27606,877,314
2018/6/15,17179,13207,78011,17723,13199,76662,7525,1668,76582,13139,27315,31625,869,311
2018/6/19,28214,11501,126360,25214,12402,132088,8909,1422,75873,11239,27972,36684,872,317
2018/6/20,32720,806,81585,39116,524,79172,5556,1364,64890,11316,27635,29722,859,317
2018/6/21,14808,252,47306,14033,26,51197,6389,1390,63832,11368,27435,32555,920,316
2018/6/22,15332,527,61710,17578,70,63161,5959,1895,64051,13156,27483,34225,869,304
2018/6/25,14994,80,48106,12989,95,48907,6395,1914,63228,11597,27517,34210,977,301
2018/6/26,21693,84,73503,21519,108,75087,6868,1900,62355,11880,27527,34939,986,299
2018/6/27,17781,55,54011,16608,358,52961,7115,1888,62285,10900,27818,33823,1123,288
2018/6/28,18728,40,73612,20078,41,75521,6677,1899,64424,11802,27830,37871,1048,290
2018/6/29,18180,1060,71601,17421,0,66309,7336,2006,67957,11692,26877,36112,1115,291
2018/7/2,18727,46,55371,17392,293,55035,7031,1982,64977,10042,27100,32786,1143,290
2018/7/3,29725,112,89141,28826,278,92418,8224,2025,64829,10304,27309,35912,1323,290
2018/7/4,18007,119,53716,17701,16,54994,8150,2115,63741,9880,27296,36087,1412,286
2018/7/5,20609,65,69687,21115,638,75670,9559,2127,62189,11864,27881,40518,1447,284
2018/7/6,25867,149,93755,25164,74,90584,9530,2239,64948,11124,27918,40095,1553,291
2018/7/9,17505,1288,68172,19004,70,62625,8011,2409,69185,10974,26870,38776,1554,312
2018/7/10,14371,283,48861,13973,51,46667,8506,2556,67512,11071,26785,34896,1446,317
2018/7/11,23844,177,66551,23140,538,69432,8773,2623,65511,10573,27213,35776,1458,310
2018/7/12,18791,1338,64639,20427,365,59428,9176,2673,71878,12573,26290,36926,1452,313
2018/7/13,18294,5195,60248,17676,4496,60474,11093,2757,72660,14324,25675,37924,1473,290
2018/7/16,19845,13431,87409,19722,13420,87081,11730,2782,72512,15035,25689,37448,1541,294
2018/7/17,21542,9263,100738,24050,9781,102597,9066,2783,81227,14649,26208,48022,1296,306
2018/7/18,29809,648,64149,33343,576,56105,5355,2811,69067,12929,26164,32028,1218,132
2018/7/19,16449,81,56502,16053,68,54606,5680,2856,71002,12870,26196,32068,1263,115
2018/7/20,24571,666,86844,24782,340,81341,6010,2630,78185,13400,25644,33733,1194,116
2018/7/23,18299,51,58790,16856,917,58642,6688,2559,76820,12642,26439,32220,1060,115
2018/7/24,13822,75,44008,12135,38,46552,8300,2585,74125,12552,26428,32069,808,99
2018/7/25,12305,34,43645,13034,44,40926,7519,2561,75416,12500,26414,30641,817,0
2018/7/26,12286,72,48596,12222,55,46476,8384,2560,76570,13309,26396,29675,703,0
2018/7/27,12531,399,46306,14271,44,40617,9297,2640,82234,15962,26121,29648,659,0
2018/7/30,14730,24,51466,15276,52,52057,7493,2623,81067,14784,26132,29071,551,0
2018/7/31,15334,76,43330,15620,108,41515,7798,2591,82093,15365,26132,28281,541,15
2018/8/1,13030,94,39636,13124,24,38741,9739,2640,83114,17401,26111,28407,537,21
2018/8/2,21628,18,59812,20944,818,62980,9296,2571,81977,16271,26842,28059,532,23
2018/8/3,13324,929,49704,13821,26,45796,8965,2580,83749,16429,25948,25921,502,25
2018/8/6,17735,76,54725,16974,29,56100,9162,2622,81350,15866,25943,24895,444,45
2018/8/7,13652,0,42611,14347,257,42354,8602,2578,82590,16006,26156,25878,465,45
2018/8/8,17081,273,43178,17944,183,39967,10054,2633,86111,18321,26121,26188,478,47
2018/8/9,16685,1164,42567,15168,1583,44188,8322,2668,83980,15084,26575,25678,471,49
2018/8/10,16700,3845,50962,16261,4160,53430,7868,2632,81829,14152,26854,25992,436,47
2018/8/13,37812,13419,119555,38423,13989,130287,7528,2538,78052,14142,27330,32944,430,48
2018/8/14,26864,10289,104290,26553,9754,104069,7363,2488,76622,13626,26745,32089,428,65
2018/8/15,35668,854,67227,37319,1192,71350,6103,2464,64574,11264,27059,30193,417,65
2018/8/16,16849,36,76637,19246,78,74421,6404,2475,64503,14019,27112,29108,364,67
2018/8/17,16467,66,49826,15072,27,53025,7865,2519,63734,14085,27117,31548,373,65
2018/8/20,13428,27,59972,14639,500,57218,7615,2541,65778,15093,27612,30838,388,67
2018/8/21,15869,502,51137,15533,64,50761,8033,2527,67693,15216,27160,32383,518,56
2018/8/22,19082,61,49223,16834,26,47851,6701,2558,67266,11640,27156,30584,514,59
2018/8/23,16825,372,59595,15773,10,57141,8291,2607,68263,12141,26841,29114,619,59
2018/8/24,16991,77,54698,15604,48,61867,8571,2648,64313,11017,26853,32325,694,54
2018/8/27,15361,133,56493,16438,6,51448,8078,2682,65995,11495,26760,28961,729,56
2018/8/28,13812,134,52460,13790,269,48987,8290,2747,69059,11667,26960,27746,811,59
2018/8/29,17887,33,58333,18224,35,52151,9339,2723,76624,13055,26938,28325,785,59
2018/8/30,18875,140,70425,17995,71,65144,10060,2740,80560,12944,26886,26973,793,57
2018/8/31,15487,18,62522,14428,323,69626,10144,2689,74391,12035,27140,27908,857,58
2018/9/3,17845,0,62845,19100,519,62403,9246,2605,73601,12388,27575,26679,1053,59
2018/9/4,14499,377,55470,14168,49,55879,8965,2565,73946,11999,27207,27433,950,127
2018/9/5,20603,10,69252,21561,64,68738,8496,2525,74146,12462,27221,27117,885,133
2018/9/6,18756,24,78281,19432,35,76977,7906,2535,75394,12547,27242,27825,502,150
2018/9/7,21608,4,78414,22900,691,79657,7373,2452,74661,13222,27846,28335,439,148
2018/9/10,27683,5,82746,27147,252,94038,7220,2444,68051,12533,28085,34217,463,148
2018/9/11,20442,829,73832,19185,367,78937,7770,2260,63053,11729,27439,34324,458,148
2018/9/12,24426,406,65692,23675,242,69197,8402,2312,59044,11582,27327,33837,452,148
2018/9/13,18561,446,63426,16869,304,67215,9778,2452,57746,10950,27325,37128,435,147
2018/9/14,23250,5449,84809,23572,4371,73727,9103,2555,69574,10630,26350,37136,471,147
2018/9/17,17808,14897,70188,16491,14576,79914,10301,2759,65212,10529,26245,42506,543,145
2018/9/18,25936,8586,102092,29085,8929,100168,8274,2719,61799,11787,26548,37171,787,154
2018/9/19,21542,699,55049,23910,245,48010,5515,2677,50786,7560,26088,21900,1190,162
2018/9/20,15402,77,51111,15265,30,57445,6592,2730,47085,8738,26094,24536,1595,178
2018/9/21,18962,513,64218,17182,31,58009,7356,2723,52044,7728,25605,23282,1962,179
2018/9/25,12772,36,38824,12988,12,35975,7766,2738,54494,8349,25596,22154,1893,215
2018/9/26,14163,18,38540,14100,21,39577,7113,2736,53535,7537,25597,22248,2030,219
2018/9/27,14775,15,54333,14653,75,48294,8217,2664,58051,8516,25585,20712,2080,229
2018/9/28,18966,8,58734,18782,361,64106,9119,2570,55738,9202,25844,23765,2079,280
2018/10/1,12235,44,35813,11610,0,31426,10695,2598,57739,10155,25828,21379,2142,303
2018/10/2,20233,13,48958,20624,491,62485,11136,2559,51367,11275,26267,29620,1957,182
2018/10/3,17833,2,59329,20362,241,54194,8168,2526,53329,10813,26473,26441,1814,187
2018/10/4,23161,5,56775,19466,392,73439,13574,2447,46542,12673,26781,37322,1461,191
2018/10/5,42236,22,111602,41038,588,113103,16360,2437,48028,14232,27337,40319,1053,215
2018/10/8,27194,980,82819,26677,188,83759,17013,2779,49058,14392,26887,42289,885,217
2018/10/9,22495,745,75191,21872,7,75713,17553,2949,49732,14284,26319,43484,789,224
2018/10/11,68888,2528,167011,64564,5985,156596,20404,3186,56273,12823,30013,39571,719,227
2018/10/12,39389,6732,171507,40197,3824,163063,18231,3228,64995,11519,27147,38648,703,228
2018/10/15,23570,13570,125397,24671,13726,125238,17656,3176,69997,12141,27251,43491,965,174
2018/10/16,35016,9805,145235,35198,9694,144380,19335,3190,79873,13536,27154,52512,1699,133
2018/10/17,39035,571,92617,39185,1990,92782,10258,3272,61610,9015,28655,29659,2667,149
2018/10/18,18110,26,75945,18002,307,77470,10830,3295,56639,9479,28959,26213,2992,153
2018/10/19,23154,24,100259,23125,107,96474,11054,3311,58271,9636,29058,24055,3880,508
2018/10/22,21042,523,94481,19665,7,100768,12165,3375,53776,9400,28606,25846,3681,602
2018/10/23,25176,272,94369,24983,1378,93744,13584,3423,55629,10649,29760,27074,4043,711
2018/10/24,34218,95,131475,35636,515,128977,11336,3472,57112,9734,30229,26059,4316,715
2018/10/25,27917,79,130541,29060,2455,123948,11833,3427,62750,11453,32560,25104,4199,650
2018/10/26,30476,184,137165,28896,516,136408,13162,3406,61201,11132,32871,22798,4049,752
2018/10/29,21545,53,122833,21910,57,120940,12672,3416,59064,11108,32885,18768,3910,761
2018/10/30,21304,663,94150,22161,14,95113,11609,3424,61909,10991,32244,22577,3909,660
2018/10/31,27045,1641,88493,26586,13,91615,11534,3464,60323,10366,30656,24113,4420,666
2018/11/1,18235,1582,71151,17476,1,73672,13155,3742,60540,11122,29353,26851,4438,709
2018/11/2,19433,162,76105,20617,919,71817,12494,3660,65202,11465,30028,27225,4457,759
2018/11/5,21205,8,80712,19067,1770,85962,14049,3616,60854,10904,31746,28127,4349,883
2018/11/6,15822,37,54886,15864,505,55687,14205,3451,62764,11174,32049,30838,4375,962
2018/11/7,21102,613,71776,21931,135,68044,13657,3440,66561,11430,31560,30903,4386,1056
2018/11/8,16537,434,55185,14766,97,54514,15455,3348,69377,11481,31131,33048,4303,1080
2018/11/9,18456,15,58462,18138,1018,62080,15494,3330,66322,11255,32116,33611,4047,1130
2018/11/12,14933,1,59560,17057,206,54466,14004,3243,68975,11805,32234,31170,3849,1133
2018/11/13,26787,294,86028,27309,1079,83690,13204,3111,69506,11460,32887,29363,3717,1172
2018/11/14,19109,551,67994,18457,13,67161,14177,3133,69389,11788,32371,28392,3654,1186
2018/11/15,23783,3854,87310,23621,3695,86655,14046,3105,68633,11498,32184,26968,3648,1199
2018/11/16,21331,7020,87104,20952,7068,91657,13447,3091,68931,10815,32218,31811,3323,1091
2018/11/19,18941,14804,86236,19094,14588,84367,13060,3101,80605,10709,32012,41611,3220,1311
2018/11/20,26826,9430,117036,26915,9904,117700,13895,3055,83827,11469,32440,44500,2767,1437
2018/11/21,29321,235,83798,30390,201,81289,8654,3018,65351,8883,32409,23717,2815,1373
2018/11/22,9459,84,40279,9284,4,41379,9328,3071,63322,9412,32382,22788,2733,1415
2018/11/23,13602,205,44238,14658,91,44517,8909,3067,63239,10051,32264,22984,2858,1413
2018/11/26,22644,591,61332,22670,114,57943,7430,3071,66777,8831,31791,23129,2991,1414
2018/11/27,19151,67,52100,15277,5,59402,9896,3110,64077,7469,31768,27729,2873,1410
2018/11/28,21469,854,66654,23359,39,60639,8065,3082,67882,7548,30925,25519,2982,1290
2018/11/29,15886,236,61280,16799,125,62554,7305,3070,68015,7809,30802,26926,2995,1269
2018/11/30,15472,41,55202,13260,792,59551,9087,2978,65298,7462,31461,28559,3072,1288
2018/12/3,19139,1669,58829,20805,82,55403,8515,2913,70926,8703,29809,30750,3150,1371
2018/12/4,15337,21,48838,12986,1230,53180,10458,2795,65244,8346,30900,29418,3047,1338
2018/12/5,20918,37,65654,21683,1268,65567,9841,2765,63779,8448,32101,27891,3095,1322
2018/12/6,22675,126,67105,22047,1539,71820,11604,2845,60562,9682,33594,29389,2877,1317
2018/12/7,14783,1118,77938,14888,25,72466,11516,2861,64361,9771,32517,27712,2854,1351
2018/12/10,15725,15,73435,17280,413,73511,11375,2807,63479,11129,32861,26903,2846,1351
2018/12/11,17547,946,71594,15498,33,73036,13164,2807,61998,10663,31948,26864,2651,1283
2018/12/12,20092,288,74569,20291,0,71841,13282,2836,61934,10931,31689,23072,2579,1212
2018/12/13,12098,2795,60805,12476,3557,58583,12622,2838,64632,10698,32453,23548,2691,1182
2018/12/14,23233,5780,74243,21667,6898,78843,14034,2820,61139,10542,33553,24655,3393,1153
2018/12/17,18688,16419,82561,20679,16476,78343,12422,3001,64778,10970,33791,24076,3104,1330
2018/12/18,25368,10645,117774,25277,11858,119264,14166,2984,69575,12623,34986,30373,3344,1322
2018/12/19,18315,326,59044,19406,809,54037,9862,2975,60126,7737,35477,17693,3352,1318
2018/12/20,13599,0,77792,13708,1361,79602,10177,2950,60055,8155,36813,19432,3005,1353
2018/12/21,15775,16,59572,14974,431,60782,11142,2894,58245,8264,37172,18832,2852,1357
2018/12/24,6418,5,34961,6496,523,34034,11280,2896,56352,8362,38424,20663,3097,1335
2018/12/25,16902,74,44683,15765,1718,45261,12520,2938,56489,8402,40110,21379,3075,1349
2018/12/26,13398,4,46620,15346,1396,42585,10024,2792,58475,7875,41356,19330,3093,1350
2018/12/27,12692,1733,71597,13362,107,64660,10819,2835,62485,9336,39773,16403,2798,1350
2018/12/28,8405,132,58528,9360,79,57584,11115,2826,63045,10572,39711,16021,3008,1340
2019/1/2,25157,100,75965,21863,306,87220,12262,2831,58863,8430,39922,23094,3087,1313
2019/1/3,16812,2700,66602,15525,36,69120,13689,2818,56822,8652,37245,23571,3148,1311
2019/1/4,21064,2160,89494,21431,342,93095,13883,2776,54589,9190,35385,24938,3224,1306
2019/1/7,19845,3309,84787,19593,49,78277,13335,2817,60367,8382,32166,22604,3422,1370
2019/1/8,13906,2077,60673,16334,0,62861,13044,2834,57740,10565,30106,22165,3403,1375
2019/1/9,25730,2146,78400,26344,32,70396,12002,2850,64785,10552,28008,19979,3130,1397
2019/1/10,11547,519,56889,12693,11,54451,11351,2864,64359,10929,27514,17116,3130,1403
2019/1/11,18590,4067,75185,20658,2884,73066,11504,2805,67329,13096,26272,17967,3359,1385
2019/1/14,18279,16818,77665,15995,17092,82889,11342,2767,63122,10754,26508,18984,3560,1389
2019/1/15,30756,9043,112246,32769,8618,104217,12944,2759,75671,14267,26124,22716,3492,1418
2019/1/16,19705,556,61870,19248,738,64513,8085,2736,59617,10951,26299,11300,3343,1416
2019/1/17,14823,3,64983,16163,4,60913,8427,2735,64998,12649,26299,12611,3356,778
2019/1/18,13314,305,59354,11764,91,59409,9079,2665,67206,11784,26015,14874,3000,723
2019/1/21,14825,234,60779,14815,644,61024,9752,2034,69501,12472,25794,16205,2934,591
2019/1/22,10825,16,38974,9789,429,38260,10114,2030,69138,11823,26203,15122,2648,474
2019/1/23,13074,46,52099,12267,733,57861,10086,2051,63637,11284,26911,15383,2647,399
2019/1/24,12202,29,53299,11217,35,49858,11024,2032,65876,11114,26898,14180,2595,302
2019/1/25,13802,33,64625,17418,56,55211,10431,1979,74121,14022,26868,13009,2561,2
2019/1/28,9729,4,43603,9123,63,45729,11063,1954,72820,13977,26902,13834,2532,0
2019/1/29,15984,3,54350,13962,1030,61129,11537,1914,67302,12351,27889,15095,2505,0
2019/1/30,11699,117,40727,11887,162,42514,10972,1923,65349,11928,27943,14929,2459,0
2019/2/11,16109,94,51926,15984,223,49444,10891,1930,67707,11532,28079,14801,2672,71
2019/2/12,12417,348,38138,11543,100,33061,12733,1907,71223,12275,27808,13231,2678,124
2019/2/13,15411,36,42222,13120,168,47446,13678,1931,69015,10929,27964,16234,2823,161
2019/2/14,12671,433,48251,14192,460,44614,12329,1916,69348,10843,27976,12899,2442,180
2019/2/15,17160,8000,69420,17563,8310,68803,12073,1885,69957,11047,28255,12891,2428,251
2019/2/18,19052,12412,72146,19599,11397,71321,13883,1854,73597,13117,27209,14809,2426,271
2019/2/19,16602,8164,69634,14744,8161,68604,17344,1854,83258,15851,27206,23437,2379,253
2019/2/20,27164,1139,62551,31199,692,56292,9345,1782,75669,15219,26707,10322,2277,284
2019/2/21,12115,31,44009,10989,12,43574,11111,1785,74926,15859,26691,9132,2206,355
2019/2/22,10734,49,43289,9136,14,49009,11682,1775,69782,14818,26646,9707,2193,372
2019/2/25,13811,226,50244,14150,7,50935,12459,1776,69285,15944,26428,9897,2196,376
2019/2/26,13176,1,45276,12754,415,44280,12205,1761,69974,15275,26827,9590,2188,381
2019/2/27,11218,0,35318,12324,310,35741,10379,1754,71404,14563,27130,11443,2125,380
2019/3/4,16442,0,55291,13155,326,63672,10844,1745,69061,11744,27447,17474,2129,390
2019/3/5,11197,15,53682,11938,630,50600,11753,1746,67529,13500,28063,14317,1955,449
2019/3/6,12331,36,49244,14171,0,44239,11088,1771,70388,14672,28052,12171,1902,459
2019/3/7,11757,0,42830,12491,553,42231,11788,1735,70349,16106,28569,11556,1868,477
2019/3/8,16738,0,62329,16196,815,64922,12729,1723,70137,16561,29372,13937,1808,480
2019/3/11,10466,90,44341,9356,1,45433,13174,1727,69849,15974,29287,14741,1734,583
2019/3/12,18327,806,50941,18443,13,49502,14366,1757,69846,17283,28524,13275,1680,591
2019/3/13,14052,13,46867,12796,19,46057,14157,1743,69288,15841,28516,11912,1704,584
,,,,,,,,,,,,,1682,461
,,,,,,,,,,,,,1688,457
,,,,,,,,,,,,,1701,467
,,,,,,,,,,,,,1740,433
,,,,,,,,,,,,,1755,428
,,,,,,,,,,,,,1756,423
,,,,,,,,,,,,,1763,433
